;Masked_sentence;Right_answer;Wrong_answer;Filename;Delete;variants;Appropriate;Too bad;Too good;Consistent;In duplicate names
153493; The amount of people who has no occupation in Middle East and Latin America decreased strongly, and the level of unemployment in Europe increased slightly. All in all, the level of unemployment all over the world remains [MASK].;stable;the same;exam/Exam2017/OBy_100-200/2017_OBy_120_1;0;['state', 'dependable', 'consistent', 'steady', 'prosperous', 'volatile', 'reliable', 'malleable', 'congenial', 'workable', 'labile', 'equilibrium', 'healthy', 'conformation', 'pliable', 'trustworthy', 'precarious', 'harmonious', 'viable', 'coherent'];['consistent', 'harmonious', 'coherent'];['state', 'dependable', 'prosperous', 'volatile', 'reliable', 'malleable', 'congenial', 'workable', 'labile', 'equilibrium', 'healthy', 'conformation', 'pliable', 'trustworthy', 'precarious', 'viable'];['steady'];True;False
83294;"Some politicians have come up with an idea to create a ""Guaranteed Basic Income"" system in the framework of which which a citizen gets a fixed sum of money monthly regardless of his or her another income that has already been established. A person may doubt and question the assumption whether the advantages outweigh the [MASK]. To give my own opinion I would like to consider this issue providing some arguments for and against the project.";disadvantages;backwards;exam/Exam2017/EGe_1-99/2017_EGe_19_2;0;['cons', 'limitations', 'shortcomings', 'weaknesses', 'risks', 'challenges', 'pitfalls', 'problems', 'benefits', 'consequences', 'dangers', 'characteristics', 'implications', 'hazards', 'flaws', 'difficulties', 'obstacles', 'alternatives', 'options', 'complexities'];['cons', 'limitations', 'weaknesses', 'pitfalls', 'problems', 'consequences', 'implications', 'difficulties', 'obstacles', 'complexities'];['benefits', 'characteristics', 'alternatives', 'options'];['shortcomings', 'risks', 'challenges', 'dangers', 'hazards', 'flaws'];True;False
77723; As for disadvantages, global warming and air pollution because of air transport harm our planet. Now let us consider the opinion that governments should reduce the [MASK] of flights. This situation has its advantages: air transport will pollute the atmosphere less, and there will be fewer air accidents.;number;amount;exam/Exam2016/2016_MTsy_8_2;0;['amount', 'quantity', 'level', 'part', 'value', 'member', 'count', 'rate', 'proportion', 'mark', 'category', 'portion', 'quality', 'mount', 'population', 'multitude', 'handful', 'variety', 'multiplicity', 'myriad'];['amount', 'quantity', 'count', 'rate', 'multiplicity'];['level', 'part', 'value', 'member', 'mark', 'category', 'portion', 'quality', 'mount', 'population', 'handful', 'variety', 'myriad'];['proportion', 'multitude'];True;False
74220; It is slightly below 30°C in Yakutsk and 30°C in Rio de Janeiro. The line which shows the minimum temperatures in Russia also has an upward [MASK] and after its peak at 11°C it falls to -40°C. In the meantime, in Brazil the line of minimum temperatures fluctuates only between 15°C and 25°C. To sum up, I need to say that the average maximum and minimum temperatures in Russia and Brazil are completely different. There is a huge difference in their values and trends.;trend;tendency;exam/Exam2017/ESa_1-69/2017_ESa_69_1;0;['tendency', 'consistency', 'phenomenon', 'resurgence', 'craze', 'fad', 'decline', 'upsurge', 'pattern', 'paradigm', 'stagnation', 'stereotype', 'popularity', 'emergence', 'vogue', 'sentiment', 'downturn', 'tradition', 'shift', 'prevalence'];['tendency', 'upsurge', 'pattern', 'paradigm'];['consistency', 'phenomenon', 'resurgence', 'craze', 'fad', 'decline', 'stagnation', 'stereotype', 'popularity', 'emergence', 'vogue', 'sentiment', 'downturn', 'tradition', 'prevalence'];['shift'];True;False
53390; The number of men who are aged between 15 and 59 will be rising from 46,3% to 57,3% in Yemen but in Italy the number of men will be falling from 61,6% to 46,2%. The number of people who younger than 14 will be declining in both countries, in Italy this part will be above 11,5% , in Yemen the [MASK] of children will be falling to 24,1%. How we can see, the part of the population who are older than 60 will be increasing in number in Italy and Yemen.;number;part;exam/Exam2014/2014_EPa_22_1;0;['amount', 'quantity', 'level', 'value', 'member', 'count', 'rate', 'proportion', 'mark', 'category', 'portion', 'quality', 'mount', 'multitude', 'handful', 'variety', 'multiplicity', 'myriad', 'total', 'backlog'];['amount', 'quantity', 'count', 'rate', 'portion', 'total'];['level', 'value', 'member', 'mark', 'category', 'quality', 'mount', 'multitude', 'handful', 'variety', 'multiplicity', 'myriad', 'backlog'];['proportion'];True;False
159237;The given graphs describe the amount of Facebook users during a year between March 2012 and March 2013. The first graph compares the usage of mobile and desktop versions and the second graph shows the [MASK] reasons for using the network. The data is provided in millions of users per year and the percentage of participants naming one of the reasons, respectively.;possible;presumable;exam/Exam2016/2016_EKu_150_1;0;['able', 'available', 'feasible', 'necessary', 'practicable', 'plausible', 'potential', 'preferable', 'worthwhile', 'advisable', 'unlikely', 'probable', 'conceivable', 'suitable', 'desirable', 'viable', 'acceptable', 'useful', 'problematic', 'impractical'];['available', 'feasible', 'practicable', 'potential', 'suitable', 'viable', 'acceptable'];['able', 'necessary', 'preferable', 'worthwhile', 'advisable', 'unlikely', 'desirable', 'useful', 'problematic', 'impractical'];['plausible', 'probable', 'conceivable'];True;False
136331; Firstly, if a country produces its own food, has farms and develops meat and vegetable production, it will depend on the economic base of itself. It will have an increase on the economic [MASK] of the world. There are some opportunities to reduce money spending and raise the numbers of workforce.;market;niche;exam/Exam2017/ESa_1-69/2017_ESa_60_2;0;['niche', 'marketplace', 'economy', 'consumer', 'pricing', 'commodity', 'retailing', 'resale', 'retail', 'industry', 'stock', 'price', 'liquidity', 'export', 'profitability', 'business', 'retailer', 'premium', 'buyer', 'demand'];['niche', 'industry'];['economy', 'consumer', 'pricing', 'commodity', 'retailing', 'resale', 'retail', 'stock', 'price', 'liquidity', 'export', 'profitability', 'business', 'retailer', 'premium', 'buyer', 'demand'];['marketplace'];True;False
49472; It can be clearly seen that this type of network is more used by people from age group 18-29. Then [MASK] another group of people aged from 30 to 49. The second social network is Instagram.;comes;goes;exam/Exam2017/EGe_1-99/2017_EGe_97_1;0;['goes', 'brings', 'takes', 'falls', 'emerges', 'gets', 'originates', 'puts', 'pulls', 'disappears', 'derives', 'sees', 'sends', 'keeps', 'makes', 'wakes', 'arrives', 'pushes', 'receives', 'returns'];['goes', 'emerges', 'gets', 'arrives'];['brings', 'takes', 'falls', 'originates', 'puts', 'pulls', 'disappears', 'derives', 'sees', 'sends', 'keeps', 'makes', 'wakes', 'pushes', 'receives', 'returns'];[];True;False
145079;"There is no doubt that almost all people living on the Earth aim to be happy. But who can give a [MASK] definition to the word ""happiness""? In my point of view, nobody can offer it for some reasons.";proper;right;exam/Exam2014/2014_MGr_5_2;0;['right', 'adequate', 'appropriate', 'necessary', 'sufficient', 'formal', 'suitable', 'careful', 'reasonable', 'rudimentary', 'precise', 'correct', 'satisfactory', 'insufficient', 'decent', 'convenient', 'straightforward', 'inadequate', 'definite', 'meaningful'];['right', 'sufficient', 'careful', 'reasonable', 'convenient', 'definite', 'meaningful'];['necessary', 'rudimentary', 'insufficient', 'inadequate'];['adequate', 'appropriate', 'formal', 'suitable', 'precise', 'correct', 'satisfactory', 'decent', 'straightforward'];True;False
112217; Among the goods transported by road the biggest percentages had food products (30%) and manufactured goods. The [MASK] of chemicals was on 3% lower than non-metallic minerals (13%) and on 5% lower than metals (11%). The machinery was the smallest good transported by road.;percentage;percent;exam/Exam2017/OBy_1-99/2017_OBy_33_1;0;['percent', 'number', 'amount', 'quantity', 'part', 'point', 'proportion', 'volume', 'growth', 'level', 'date', 'portion', 'degree', 'data', 'rate', 'fraction', 'average', 'ratio', 'majority', 'margin'];['percent', 'number', 'amount', 'quantity', 'part', 'volume', 'level', 'portion', 'degree', 'rate', 'fraction', 'average', 'ratio'];['point', 'growth', 'date', 'data', 'majority', 'margin'];['proportion'];True;False
37867; On the other hand, companies should not be made responsible for the decisions of their customers. It is [MASK] to claim that everyone has rights which allow them to choose their lifestyle and whether to lead a healthy way of life or not because we are all free persons. What is more, customers who are, for instance, addicted to cigarettes, might actually be interested in brand-new flavours and so on.;reasonable;true;exam/Exam2020/Task_3_Essays_1897_2839/2020_MLa_2759_2;0;['worth', 'true', 'available', 'justifiable', 'sufficient', 'adequate', 'acceptable', 'satisfactory', 'proportionate', 'prudent', 'plausible', 'appropriate', 'sensible', 'rational', 'credible', 'lawful', 'necessary', 'decent', 'practicable', 'tolerable'];['true', 'adequate', 'prudent', 'plausible', 'rational', 'credible'];['worth', 'available', 'sufficient', 'acceptable', 'satisfactory', 'proportionate', 'lawful', 'necessary', 'decent', 'practicable', 'tolerable'];['justifiable', 'appropriate', 'sensible'];True;False
51411; However, there was an increase in the percentages of boys and girls who maintained physical acivities regularly. The percentage of boys who did exercises remained [MASK] than that of girls . The percentages of both boys and girls went up slightly.;higher;bigger;exam/Old_Exam2019/2019_ABu_44_1;0;['bigger', 'more', 'upper', 'lower', 'greater', 'poorer', 'steeper', 'weaker', 'larger', 'less', 'stronger', 'smaller', 'faster', 'lesser', 'narrower', 'thicker', 'richer', 'slower', 'thinner', 'shallower'];['bigger', 'more', 'upper'];['lower', 'poorer', 'steeper', 'weaker', 'less', 'stronger', 'smaller', 'faster', 'lesser', 'narrower', 'thicker', 'richer', 'slower', 'thinner', 'shallower'];['greater', 'larger'];True;False
73260; According to the statistics, nowadays 30-35% of family's income is spent on education of children. What is more, many parents consider that it is more productive and useful for their child [MASK] different sport clubs or art and drama schools. That is why parents try to involve their child in every activities.;attending;visiting;exam/Exam2016/2016_OR_121_2;0;['visiting', 'enrolling', 'graduating', 'studying', 'participating', 'practicing', 'lecturing', 'pursuing', 'practising', 'joining', 'watching', 'travelling', 'returning', 'taking', 'accepting', 'entering', 'partaking', 'witnessing', 'volunteering', 'completing'];['visiting', 'enrolling', 'graduating', 'practicing', 'pursuing', 'practising', 'taking', 'completing'];['studying', 'participating', 'lecturing', 'watching', 'travelling', 'returning', 'accepting', 'partaking', 'witnessing', 'volunteering'];['joining', 'entering'];True;False
75261; Overall, it is crucially important that the number of children without access to primary education was decreasing over the years under observation. However, Africa in 2012 still had the biggest [MASK], which was equal to the number of children in South Asia in 2000. However, the main trend was positive.;number;amount;exam/best_works/26_1;0;['amount', 'quantity', 'level', 'part', 'value', 'member', 'count', 'rate', 'proportion', 'mark', 'category', 'portion', 'quality', 'mount', 'population', 'multitude', 'handful', 'variety', 'multiplicity', 'myriad'];['amount', 'quantity', 'count', 'rate', 'proportion', 'portion', 'multitude'];['level', 'part', 'value', 'member', 'mark', 'category', 'quality', 'mount', 'population', 'handful', 'variety', 'multiplicity', 'myriad'];[];True;False
147504; However, those who deny these obvious facts mark the social reasons why the number of male and female accepted has to be equal. One of the most significant of them is that it is much easier to create a family when there is an equal number of male and female students in one [MASK]. In my opinion, the university is not the only place to meet your boy or girlfriend, hence, I find this argument not very convincing.;field;destination;exam/Exam2014/2014_ASt_11_2;0;['sphere', 'destination', 'fields', 'turf', 'goal', 'kicking', 'yard', 'psychology', 'pitch', 'discipline', 'scoreboard', 'optics', 'sideline', 'specialist', 'outfield', 'track', 'electrodynamics', 'astrophysics', 'ball', 'pioneer'];['destination', 'track'];['fields', 'turf', 'goal', 'kicking', 'yard', 'psychology', 'pitch', 'scoreboard', 'optics', 'sideline', 'specialist', 'outfield', 'electrodynamics', 'astrophysics', 'ball', 'pioneer'];['sphere', 'discipline'];True;False
139612; In the first diagram I can see that the metals were the most popular goods transported by rail, whereas in the second diagram I can see that food products were transported by road more often than other types of goods. The [MASK] percentage in the first diagram is attributed to chemicals, whereas in the second diagram we can see that machinery occupied this position. Manufactured goods do not have completely the same percentage on both diagrams.;lowest;least;exam/Exam2017/ESa_1-69/2017_ESa_19_1;0;['smallest', 'highest', 'worst', 'slowest', 'weakest', 'coldest', 'strongest', 'heaviest', 'poorest', 'widest', 'densest', 'thickest', 'greatest', 'shortest', 'largest', 'deepest', 'farthest', 'steepest', 'hottest', 'biggest'];['weakest', 'poorest'];['highest', 'worst', 'slowest', 'coldest', 'strongest', 'heaviest', 'widest', 'densest', 'thickest', 'greatest', 'shortest', 'largest', 'deepest', 'farthest', 'steepest', 'hottest', 'biggest'];['smallest'];True;False
70105; To begin with, the average temperature in Yakutsk in January is about - 36°, and it is a peak. By the way, the minimum rate is approximately the same and [MASK] - 40°. As for Rio de Janeiro, the gap between statistics is more marked and remains constant – the difference is about 8°.;constitutes;consists;exam/practice_AZa/AZa_23_1;0;['consists', 'ranges', 'contains', 'encompasses', 'represents', 'defines', 'comprises', 'entails', 'includes', 'generates', 'occupies', 'makes', 'involves', 'underlies', 'affects', 'corresponds', 'contributes', 'imposes', 'distinguishes', 'specifies'];['consists', 'contains', 'encompasses', 'represents', 'defines', 'comprises', 'includes', 'involves'];['ranges', 'entails', 'generates', 'occupies', 'makes', 'underlies', 'affects', 'corresponds', 'contributes', 'imposes', 'distinguishes', 'specifies'];[];True;False
166891;The bar chart shows changes in the number of children without access to primary school education by gender and region from 2000 to 2012. It is clearly seen that the number of children without access to education [MASK] decreased. The most affected by the global development region was South Asia.;generally;commonly;exam/Exam2016/2016_ZEv_20_1;0;['commonly', 'usually', 'typically', 'mostly', 'often', 'normally', 'broadly', 'traditionally', 'universally', 'largely', 'strictly', 'characteristically', 'oftentimes', 'moderately', 'rarely', 'uniformly', 'invariably', 'predominantly', 'sometimes', 'somewhat'];['commonly', 'broadly'];['usually', 'typically', 'often', 'normally', 'traditionally', 'strictly', 'characteristically', 'oftentimes', 'moderately', 'rarely', 'sometimes', 'somewhat'];['mostly', 'universally', 'largely', 'uniformly', 'invariably', 'predominantly'];True;False
163703; For example, Starbucks Company, which is a multinational coffee shop chain, is hiring many locals in Africa and this results in the decline of the unemployment rate from 12% to 9%. It is essential to [MASK] that plenty of small coffee shops are also being opened. However, the employment numbers were too small to influence the unemployment rate.;note;notice;exam/Exam2020/Task_2_Essays_919_1896/2020_MLa_1314_2;0;['notice', 'admit', 'spot', 'tell', 'quote', 'letter', 'quotation', 'remark', 'comment', 'compliment', 'statement', 'caveat', 'hint', 'message', 'reply', 'cite', 'postscript', 'telegram', 'suggest', 'suggestion'];['notice', 'tell', 'comment'];['spot', 'quote', 'letter', 'quotation', 'compliment', 'statement', 'caveat', 'hint', 'message', 'reply', 'cite', 'postscript', 'telegram', 'suggest', 'suggestion'];['admit', 'remark'];True;False
136326;Modern countries produce a lot of food for their citizens or for export and it is no news. I totally agree that a country should not import from other countries or import in little quantities , and there are some [MASK] for this point of view. Firstly, if a country produces its own food, has farms and develops meat and vegetable production, it will depend on the economic base of itself.;arguments;reasons;exam/Exam2017/ESa_1-69/2017_ESa_60_2;0;['reasons', 'minds', 'ideas', 'assertions', 'statements', 'contentions', 'criticisms', 'conclusions', 'judgements', 'opinions', 'objections', 'judgments', 'hypotheses', 'justifications', 'explanations', 'pronouncements', 'presumptions', 'assumptions', 'rulings', 'propositions'];['reasons', 'explanations'];['minds', 'ideas', 'assertions', 'statements', 'contentions', 'criticisms', 'conclusions', 'judgements', 'opinions', 'objections', 'judgments', 'hypotheses', 'pronouncements', 'presumptions', 'assumptions', 'rulings', 'propositions'];['justifications'];True;False
112011; Facebook, Instagram and Linkedin are among these networks. First two [MASK] (Facebook and Instagram) are showing downward slopping trend. The percentage of young men and women differs significantly from that of aged people.;sites;parts;exam/Exam2017/DOv/2017_DOv_31_1;0;['parts', 'nets', 'locations', 'areas', 'structures', 'monuments', 'places', 'regions', 'complexes', 'campsites', 'attractions', 'mounds', 'caves', 'museums', 'temples', 'centers', 'buildings', 'communities', 'settlements', 'facilities'];['parts', 'nets', 'structures', 'communities', 'facilities'];['locations', 'areas', 'monuments', 'places', 'regions', 'complexes', 'campsites', 'attractions', 'mounds', 'caves', 'museums', 'temples', 'centers', 'buildings', 'settlements'];[];True;False
73501; Small companies often produce interesting goods, which have some features or are connected with local traditions. For example producers of clothing in Asian countries always make items which bring the atmosphere of the region and many people [MASK] to these countries in order to buy these goods. Indian shops are the typical example of such goods.;come;rise;exam/Exam2020/Task_2_Essays_919_1896/2020_MLa_1234_2;0;['go', 'rise', 'gone', 'get', 'expect', 'gotten', 'brought', 'emerge', 'want', 'send', 'find', 'invite', 'seek', 'tell', 'take', 'arisen', 'wander', 'hear', 'happen', 'dare'];['get', 'wander'];['rise', 'gone', 'expect', 'gotten', 'brought', 'emerge', 'want', 'send', 'find', 'invite', 'seek', 'tell', 'take', 'arisen', 'hear', 'happen', 'dare'];['go'];True;False
117358; And it is very important to help such countries, as these countries may provide help with some goods that are not produced in many regions. Also, such help may increase the status of the country on the international stage, as it will [MASK] the wealth of a country so that it can compete with others. In addition, a lot of countries earn most of their money from export.;demonstrate;show;exam/Exam2017/ESa_1-69/2017_ESa_66_2;0;['show', 'emphasize', 'illustrate', 'characterize', 'exemplify', 'validate', 'prove', 'assess', 'evaluate', 'explain', 'embody', 'verify', 'enhance', 'ensure', 'ascertain', 'examine', 'confirm', 'discern', 'predict', 'assert'];['show', 'illustrate', 'exemplify', 'validate', 'prove', 'verify'];['characterize', 'assess', 'evaluate', 'explain', 'embody', 'enhance', 'ensure', 'ascertain', 'examine', 'discern', 'predict', 'assert'];['emphasize', 'confirm'];True;False
144854;Nowadays there appear more and more people who have their own point of view about all what happen with them or in the whole world. This people often have creative ideas and they want to [MASK] them. Sometimes these ideas are not normal for other people.;express;show;exam/Exam2014/2014_AMe_3_2;0;['show', 'provide', 'convey', 'train', 'terminate', 'connect', 'demonstrate', 'engender', 'manifest', 'elicit', 'arouse', 'invoke', 'commuter', 'evoke', 'communicate', 'differentiate', 'reaffirm', 'passenger', 'reiterate', 'repress'];['show', 'demonstrate'];['provide', 'train', 'terminate', 'connect', 'engender', 'elicit', 'arouse', 'invoke', 'commuter', 'evoke', 'differentiate', 'reaffirm', 'passenger', 'reiterate', 'repress'];['convey', 'manifest', 'communicate'];True;False
162996; By 2050, In Yemen and Italy the number of young people will reduce. In Yemen, children [MASK] a half of the population, while Italian young people comprise only 14,3% in 2000. Italian employees comprise more than 60%, while the number of workers in Yemen is less than a half of the whole percentage in 2000.;comprise;consist;exam/Exam2014/2014_EPa_51_1;0;['consist', 'constitute', 'contain', 'encompass', 'belong', 'correspond', 'include', 'occupy', 'inhabit', 'involve', 'pertain', 'incorporate', 'contribute', 'underlie', 'represent', 'possess', 'boast', 'employ', 'relate', 'utilize'];['consist', 'encompass', 'include', 'occupy', 'involve', 'incorporate'];['contain', 'belong', 'correspond', 'inhabit', 'pertain', 'contribute', 'underlie', 'possess', 'boast', 'employ', 'relate', 'utilize'];['constitute', 'represent'];True;False
83857; For example, there are strange sculptures and pictures on walls of houses which pedestrians do not like. Because of that [MASK] will have a bad mood and live not as long as they have to. To some up, there are different opinions about artists' freedom to express their ideas.;people;persons;exam/Exam2014/2014_ASt_6_2;0;['persons', 'ones', 'humans', 'men', 'individuals', 'users', 'workers', 'citizens', 'adults', 'personalities', 'youths', 'residents', 'peoples', 'inhabitants', 'foreigners', 'villagers', 'schoolchildren', 'natives', 'civilians', 'families'];['persons', 'ones', 'humans', 'men', 'peoples', 'civilians'];['users', 'workers', 'adults', 'personalities', 'youths', 'foreigners', 'villagers', 'schoolchildren', 'natives', 'families'];['individuals', 'citizens', 'residents', 'inhabitants'];True;False
64171; Both tables show a great difference in numbers of male and female workers in three employment sectors. Moreover, the numbers gave an image of genders' preferences of type of work in countries with dissimilar levels of [MASK] development and cultural background. To start with, the number of people involved in every sphere differed from one country to another.;economic;economical;exam/Old_Exam2019/2019_ABu_145_1;0;['economical', 'economy', 'geopolitical', 'socioeconomic', 'financial', 'societal', 'ecological', 'environmental', 'political', 'monetary', 'neoliberal', 'social', 'technological', 'institutional', 'agrarian', 'agricultural', 'organizational', 'ideological', 'budgetary', 'educational'];['economical', 'economy', 'financial'];['geopolitical', 'socioeconomic', 'societal', 'ecological', 'environmental', 'political', 'monetary', 'neoliberal', 'social', 'technological', 'institutional', 'agrarian', 'agricultural', 'organizational', 'ideological', 'budgetary', 'educational'];[];True;False
72719; In the chart this type always has the second place in the numbers of calls. The number of mobile calls increased to about 10 times as many during the period of [MASK]. In 2002 this type of calls reached the level of international calls in 1996, 40 billion.;observation;chart;exam/Exam2014/2014_KKo_18_1;0;['discussion', 'observer', 'lookout', 'reconnaissance', 'sighting', 'vantage', 'measurement', 'bombardment', 'illumination', 'radar', 'discovery', 'telescope', 'monitoring', 'evaluation', 'surveillance', 'experiment', 'detection', 'searchlight', 'identification', 'experimentation'];['discussion', 'lookout', 'reconnaissance', 'measurement', 'discovery', 'evaluation', 'surveillance', 'detection'];['observer', 'sighting', 'vantage', 'bombardment', 'illumination', 'radar', 'telescope', 'experiment', 'searchlight', 'identification', 'experimentation'];['monitoring'];True;False
95508; In winter months the temperature is usually about 35-40 degrees below zero. Then it starts to rise and reaches its [MASK] in July. When it is 10°C in colder years and 20°C in warmer ones.;peak;boom;exam/Exam2017/MPa_1-103/2017_MPa_60_1;0;['pick', 'high', 'valley', 'boom', 'hit', 'maximum', 'intensity', 'zenith', 'pinnacle', 'height', 'highpoint', 'apogee', 'gust', 'summit', 'glacier', 'brightness', 'surge', 'ascent', 'amplitude', 'daytime'];['pick', 'boom', 'hit', 'zenith', 'pinnacle', 'height', 'highpoint', 'apogee', 'summit', 'amplitude'];['high', 'valley', 'intensity', 'gust', 'glacier', 'brightness', 'surge', 'ascent', 'daytime'];['maximum'];True;False
53309; Eastern European countries find it better to transport food products by road. In both charts the [MASK] of chemicals is quite low, about 11% and 16%. To sum up, countries of Eastern Europe prefer to transport huge equipment by rail and, when there is an opportunity, to transport not very large things by road.;percentage;amount;exam/Exam2017/NChe_1-17/2017_NChe_2_1;0;['percent', 'number', 'amount', 'quantity', 'part', 'point', 'proportion', 'volume', 'growth', 'level', 'date', 'portion', 'degree', 'data', 'rate', 'fraction', 'average', 'ratio', 'majority', 'margin'];['percent', 'number', 'amount', 'quantity', 'part', 'volume', 'level', 'portion', 'degree', 'rate', 'fraction', 'average', 'ratio'];['point', 'growth', 'date', 'data', 'majority', 'margin'];['proportion'];True;False
51255; For example, some sports clubs have a huge community of fans all over the world. Thats why, it is easier to connect for people from [MASK] countries, which is really good. Thirdly, watching sports is simply a very interesting entertainment.;different;other;exam/Exam2020/Task_1_Essays_1_918/2020_MLa_127_2;0;['various', 'difficult', 'distinctive', 'opposite', 'distinct', 'particular', 'varying', 'diverse', 'separate', 'disparate', 'myriad', 'certain', 'multiple', 'specific', 'similar', 'dissimilar', 'divergent', 'unique', 'complementary', 'heterogeneous'];['varying', 'myriad'];['difficult', 'distinctive', 'opposite', 'distinct', 'particular', 'separate', 'disparate', 'certain', 'specific', 'similar', 'dissimilar', 'divergent', 'unique', 'complementary', 'heterogeneous'];['various', 'diverse', 'multiple'];True;False
104446; The problem of unemployment is widespread and really serious, as it causes low level of life, poor economic situation in regions and, for example, the increase of crimes. All these social [MASK] are very unpleasant, and all governments all over the world try to solve such problems. The highest rate of unemployment in 2014 and 2015 was situated in North Africa and the Middle East.;problems;illnesses;exam/Exam2017/EKl_1-50/2017_ekl_17_1;0;['troubles', 'illnesses', 'diseases', 'obstacles', 'difficulties', 'issues', 'challenges', 'shortcomings', 'deficiencies', 'dilemmas', 'concerns', 'failures', 'complexities', 'crises', 'flaws', 'inadequacies', 'uncertainties', 'conflicts', 'setbacks', 'disadvantages'];['illnesses', 'diseases', 'shortcomings', 'deficiencies', 'failures', 'complexities', 'crises', 'flaws', 'inadequacies', 'disadvantages'];['obstacles', 'dilemmas', 'uncertainties', 'conflicts', 'setbacks'];['troubles', 'difficulties', 'issues', 'challenges', 'concerns'];True;False
81630; And this essay will argue that the drawbacks of this process outweigh the advantages. The main reason for a negative influence on small [MASK] consists of many factors. Firstly, these tiny companies lose their earnings due to displacements from the market, so workers in this place lose their jobs too.;jobs;works;exam/Exam2020/Task_2_Essays_919_1896/2020_MLa_1113_2;0;['works', 'occupations', 'employees', 'employments', 'wages', 'opportunities', 'businesses', 'laborers', 'professions', 'enterprises', 'incomes', 'employers', 'salaries', 'layoffs', 'industries', 'incentives', 'tradesmen', 'benefits', 'pensions', 'taxpayers'];['works', 'occupations', 'employments', 'professions'];['employees', 'wages', 'opportunities', 'businesses', 'laborers', 'enterprises', 'incomes', 'employers', 'salaries', 'layoffs', 'industries', 'incentives', 'tradesmen', 'benefits', 'pensions', 'taxpayers'];[];True;False
119391; The experience of Starbucks is an excellent example of this. Almost every country has a great [MASK] of Starbucks coffee shops, as this company has an excellent reputation, tasty products and a huge target market. Due to this, the profit of this multinational company is counted in billions and comparing it with any other local business, the Government will choose Starbucks for sure, as it is always up-to-date.;number;amount;exam/Exam2020/Task_2_Essays_919_1896/2020_MLa_1042_2;0;['amount', 'quantity', 'level', 'part', 'value', 'member', 'count', 'rate', 'proportion', 'mark', 'category', 'portion', 'quality', 'mount', 'population', 'multitude', 'handful', 'variety', 'multiplicity', 'myriad'];['amount', 'quantity', 'part', 'count', 'rate', 'proportion', 'portion', 'multitude'];['level', 'value', 'member', 'mark', 'category', 'quality', 'mount', 'population', 'handful', 'variety', 'multiplicity', 'myriad'];[];True;False
134577; A gradual difference was between the proportion of manufactured goods transported by road and by rail. This [MASK] changed on 3% and was higher in the road chart. Also, in this chart chemical goods had 2 times less than manufactured goods, and had 16%, while in the rail chart this figure was 11%.;percentage;data;exam/Exam2017/OBy_1-99/2017_OBy_34_1;0;['percent', 'number', 'amount', 'quantity', 'part', 'point', 'volume', 'growth', 'level', 'date', 'portion', 'degree', 'data', 'rate', 'fraction', 'average', 'ratio', 'majority', 'margin', 'turnout'];['percent', 'number', 'amount', 'quantity', 'part', 'volume', 'portion', 'data', 'rate', 'fraction', 'ratio'];['point', 'growth', 'level', 'date', 'degree', 'average', 'majority', 'margin', 'turnout'];[];True;False
58525; For instance, watching the match at the stadium strengthens the team spirit of the fans and helps them to be united in the future. Secondly, [MASK] TV at home can help a person to relax after work. For example, after spending one hour in front of the TV, a person can forget about all the work routine and feel like a part of any sports team for a moment.;watching;looking for;exam/Exam2020/Task_1_Essays_1_918/2020_MLa_165_2;0;['speculating', 'seeing', 'talking', 'enjoying', 'chatting', 'observing', 'staring', 'chasing', 'witnessing', 'viewing', 'admiring', 'watch', 'laughing', 'listening', 'crying', 'noticing', 'kissing', 'cheering', 'conversing', 'wondering'];['seeing', 'observing', 'viewing'];['speculating', 'talking', 'enjoying', 'chatting', 'staring', 'chasing', 'witnessing', 'admiring', 'watch', 'laughing', 'listening', 'crying', 'noticing', 'kissing', 'cheering', 'conversing', 'wondering'];[];True;False
104023; Moreover, the total worldwide rate also did not change (5,9 per cent for both years). Speaking about changes, it is [MASK] to admit that in the Middle East and in Latin America the level of unemployment was higher in 2014 that in 2015 (11 per cent vs 9,6 per cent in the Middle East and 6,8 per cent vs 5,8 per cent in Latin America). Also, we can admit that in the European Union the unemployment rate was higher by 0,4 per cent in 2015 than in 2014 (7,5 per cent in 2014 vs 7,9 per cent in 2015).;safe;possible;exam/Exam2017/EKl_1-50/2017_ekl_3_1;0;['safety', 'possible', 'sedate', 'comfortable', 'haven', 'secure', 'convenient', 'dangerous', 'suitable', 'healthful', 'hospitable', 'healthy', 'acceptable', 'feasible', 'easy', 'practicable', 'preferable', 'conducive', 'adequate', 'vulnerable'];['possible', 'secure', 'easy', 'practicable'];['safety', 'sedate', 'comfortable', 'haven', 'convenient', 'dangerous', 'suitable', 'healthful', 'hospitable', 'healthy', 'acceptable', 'preferable', 'conducive', 'adequate', 'vulnerable'];['feasible'];True;False
47846; On the other hand, there are conclusive examples of countries which have no capability to manage occuring problems on their own. This [MASK] mostly concerns countries of the Third World with unsustainable economic systems — therefore, they find it hard to cope with emergency situations. Various earthquakes in Nepal, which caused numerous casualties and fatalities, can be an example.;assumption;proposal;exam/Old_Exam2019/2019_ABu_53_2;0;['proposal', 'assertion', 'notion', 'presumption', 'expectation', 'hypothesis', 'implication', 'principle', 'proposition', 'belief', 'inference', 'argument', 'suggestion', 'premise', 'accusation', 'misconception', 'reasoning', 'constraint', 'idea', 'interpretation'];['proposal', 'notion', 'hypothesis', 'belief', 'premise', 'idea'];['expectation', 'principle', 'suggestion', 'accusation', 'misconception', 'reasoning', 'constraint', 'interpretation'];['assertion', 'presumption', 'implication', 'proposition', 'inference', 'argument'];True;False
137728; The lower bar chart represents the reasons for using Facebook (Sharing photos/videos, receiving updates, seeing funny posts, learning about ways to help others) compared between men and women. With regard to the first chart, it shows that a significant [MASK] of people who have used Facebook prefered the desktop version of the website over the period given. The number of desktop users was around 150 million and 140 million compared with 60 million and 100 million of mobile users in the March 2012 and March 2013 respectively.;proportion;part;exam/Exam2020/Task_1_Essays_1_918/2020_MLa_15_1;0;['part', 'amount', 'percentage', 'level', 'rate', 'population', 'quantity', 'place', 'proposition', 'fraction', 'majority', 'prevalence', 'preponderance', 'incidence', 'likelihood', 'predominance', 'disparity', 'ratio', 'decrease', 'portion'];['part', 'amount', 'percentage', 'population', 'quantity', 'ratio', 'portion'];['level', 'rate', 'place', 'proposition', 'majority', 'prevalence', 'preponderance', 'incidence', 'likelihood', 'predominance', 'disparity', 'decrease'];['fraction'];True;False
87222; It was 3,9% while the Middle East showed 11% rate of unemployment , which was higher than in the EU and Latin America in 2014. They showed 7,5% and 6,8% [MASK]. The chart clearly shows that many regions remained at the same level of unemployment in 2015.;respectively;accordingly;exam/Exam2017/DPe/2017_DPe_29_1;0;['accordingly', 'relatively', 'correspondingly', 'consequently', 'adequately', 'particularly', 'lastly', 'versa', 'alongside', 'simultaneously', 'again', 'between', 'thereafter', 'apiece', 'thus', 'hence', 'instead', 'conversely', 'domestically', 'elsewhere'];['accordingly', 'relatively', 'correspondingly', 'apiece'];['consequently', 'adequately', 'particularly', 'lastly', 'versa', 'alongside', 'simultaneously', 'again', 'between', 'thereafter', 'thus', 'hence', 'instead', 'conversely', 'domestically', 'elsewhere'];[];True;False
151707; Manufactured goods take one quarter of the pie chart. The second chart [MASK] that food products and manufactured goods are the most popular goods transported by road. However, food products have the largest proportion (30%).;shows;represent;exam/Exam2020/Task_3_Essays_1897_2839/2020_MLa_2119_1;0;['gives', 'demonstrates', 'illustrates', 'means', 'pictures', 'displays', 'presents', 'exhibits', 'productions', 'concerts', 'performances', 'looks', 'highlights', 'movies', 'showings', 'skits', 'airs', 'acts', 'parodies', 'dramas'];['pictures', 'displays', 'presents', 'exhibits'];['gives', 'means', 'productions', 'concerts', 'performances', 'looks', 'movies', 'showings', 'skits', 'airs', 'acts', 'parodies', 'dramas'];['demonstrates', 'illustrates', 'highlights'];True;False
150385; If a person hasn't opportunities of legal working or playing, he starts seeking alternative variants, for example, some criminal structures. In this case difficult economic conditions lead to increasing number of young adults joined in criminal structures and lack of special places for walking, playing leads to a big percentage of children who start communicating with [MASK]. For solving this problem government, parents and teachers must act.;criminals;crimes;exam/Exam2017/NMya_1-108/2017_NMya_24_2;0;['crimes', 'prisoners', 'murderers', 'gangsters', 'thieves', 'delinquents', 'fugitives', 'rapists', 'terrorists', 'prostitutes', 'gangs', 'outlaws', 'killers', 'felons', 'smugglers', 'offenders', 'cops', 'assassins', 'thugs', 'mobsters'];['crimes'];['prisoners', 'murderers', 'thieves', 'fugitives', 'rapists', 'terrorists', 'prostitutes', 'killers', 'smugglers', 'cops', 'assassins'];['gangsters', 'delinquents', 'gangs', 'outlaws', 'felons', 'offenders', 'thugs', 'mobsters'];True;False
101353; Firstly, nowadays almost all teenagers use social networks that are full of violence and cruelty. There are a lot of people in the internet who try to bring children to illegal groups who [MASK] crimes every day. Young people are very sensitive and easily manipulated which leads to them joining these groups.;commit;make;exam/Old_Exam2017/EGe_1-99/2017_EGe_83_2;0;['make', 'punish', 'prosecute', 'kill', 'retaliate', 'plead', 'confess', 'incite', 'rob', 'betray', 'defraud', 'molest', 'forgive', 'instigate', 'execute', 'avenge', 'coerce', 'guilty', 'admit', 'grievous'];['make', 'execute'];['punish', 'prosecute', 'kill', 'retaliate', 'plead', 'confess', 'incite', 'rob', 'betray', 'defraud', 'molest', 'forgive', 'instigate', 'avenge', 'coerce', 'guilty', 'admit', 'grievous'];[];True;False
142476;The bar chart illustrates the quantity of children of both genders that a lack of an access to primary education in 2000 and 2012 in Africa, South Asia and in the rest of the world. The amount of children without access to primary education in Africa in 2000 [MASK] an upward trend with as many as 23.7 million of girls and 20 million of boys.;showed;was;exam/Exam2016/2016_OR_70_1;0;['experienced', 'started', 'followed', 'saw', 'demonstrated', 'noticed', 'shown', 'revealed', 'suggested', 'displayed', 'reported', 'noted', 'concluded', 'yielded', 'stated', 'exhibited', 'found', 'asserted', 'observed', 'indicated'];['started', 'noticed', 'suggested', 'reported', 'noted', 'yielded', 'stated', 'observed', 'indicated'];['shown', 'concluded', 'found', 'asserted'];['experienced', 'followed', 'saw', 'demonstrated', 'revealed', 'displayed', 'exhibited'];True;False
69141; The oldest category, 65+, are not so common in using networks: they have the lowest percentage for all three types of them. However, LinkedIn is not popular among the youngest people [MASK]. Similar to the people aged 65+, only 22% of people aged 18-29 use it.;either;too;exam/Exam2017/DOv/2017_DOv_14_1;0;['too', 'also', 'or', 'and/or', 'rather', 'otherwise', 'alternatively', 'usually', 'any', 'individually', 'preferably', 'instead', 'neither', 'normally', 'directly', 'merely', 'nor', 'necessarily', 'ordinarily', 'simply'];['too', 'also', 'neither'];['or', 'and/or', 'rather', 'otherwise', 'alternatively', 'usually', 'any', 'individually', 'preferably', 'instead', 'normally', 'directly', 'merely', 'nor', 'necessarily', 'ordinarily', 'simply'];[];True;False
164344; The youngest one is Los Angeles's underground, but it's already bigger than Kyoto's, which was opened twenty years before. As I have already said, Tokyo's underground has more passengers than any other one that listed, but it's not the biggest It's 44 kilometres shorter than in Paris and almost twice [MASK] than London's. It's also obvious that the only subway that was opened in this century is Los Angeles's one.;shorter;smaller;exam/Exam2014/2014_DZu_30_1;0;['smaller', 'narrower', 'thicker', 'thinner', 'longer', 'simpler', 'lighter', 'slower', 'faster', 'quicker', 'taller', 'heavier', 'short', 'smoother', 'slimmer', 'stiffer', 'sharper', 'steeper', 'larger', 'shallower'];['smaller'];['narrower', 'thicker', 'thinner', 'longer', 'simpler', 'lighter', 'slower', 'faster', 'quicker', 'taller', 'heavier', 'short', 'smoother', 'slimmer', 'stiffer', 'sharper', 'steeper', 'larger', 'shallower'];[];True;False
40649; However, many people think that, in terms of global economics, multinational companies have become substitutes for local markets and small businesses , and I agree with their position. First of all, this essay will discuss the benefits and disadvantages of [MASK] consequences of the process of globalization such as a large variety of products and services' choice for consumers and the tendency to disrupt the business processes of local small businesses and individual entrepreneurs respectively. On the one hand, it is argued that multinationals affect small local businesses and, particularly, individual entrepreneurs destructively.;economic;economical;exam/Exam2020/Task_2_Essays_919_1896/2020_MLa_1115_2;0;['economical', 'economy', 'geopolitical', 'socioeconomic', 'financial', 'societal', 'ecological', 'environmental', 'political', 'cultural', 'monetary', 'neoliberal', 'social', 'technological', 'institutional', 'agrarian', 'agricultural', 'organizational', 'ideological', 'budgetary'];['economical', 'economy', 'financial'];['geopolitical', 'socioeconomic', 'societal', 'ecological', 'environmental', 'political', 'cultural', 'monetary', 'neoliberal', 'social', 'technological', 'institutional', 'agrarian', 'agricultural', 'organizational', 'ideological', 'budgetary'];[];True;False
74783;Science plays a paramount role in our today's world. A lot of scientific [MASK] and discoveries are conducted every year. Nowadays more and more private companies participate in scientific sphere, they carry out as well as pay for more researches that governments do.;researches;researchers;exam/Old_Exam2019/2019_ABu_136_2;0;['researchers', 'investigations', 'studies', 'analyses', 'experiments', 'explorations', 'findings', 'insights', 'writings', 'observations', 'monographs', 'inventions', 'works', 'innovations', 'advancements', 'papers', 'endeavours', 'calculations', 'theories', 'excavations'];['investigations', 'analyses', 'works'];['researchers', 'findings', 'insights', 'writings', 'monographs', 'inventions', 'innovations', 'advancements', 'papers', 'calculations', 'theories', 'excavations'];['studies', 'experiments', 'explorations', 'observations', 'endeavours'];True;False
86582;The graph illustrates the percentage of post-school qualifications and the difference between the percentage of men and women in 1999. We can see that the largest percentage among [MASK] was that of specialists with skilled vocational diploma. It was higher than 90%.;men;males;exam/Exam2014/2014_AMe_7_1;0;['males', 'makes', 'boys', 'gentlemen', 'ladies', 'sailors', 'girls', 'officers', 'soldiers', 'warriors', 'youths', 'horsemen', 'seamen', 'people', 'athletes', 'infantrymen', 'cavalrymen', 'juniors', 'lesbians', 'knights'];['males', 'gentlemen'];['makes', 'boys', 'ladies', 'sailors', 'girls', 'officers', 'soldiers', 'warriors', 'youths', 'horsemen', 'seamen', 'people', 'athletes', 'infantrymen', 'cavalrymen', 'juniors', 'lesbians', 'knights'];[];True;False
48139; Last one shows that in the sphere of Services there are 56% of male workers and there are 49% of female workers. The second table shows the data about employment by gender in Australia where females prefer to work in Services (the [MASK] is 88%) and male workers are mostly involved with Industry and Services. Overall, we can summarize the information in the tables.;figure;index;exam/Old_Exam2019/2019_ABu_177_1;0;['number', 'quantity', 'level', 'example', 'index', 'amount', 'personage', 'statue', 'soldier', 'portrait', 'bust', 'vase', 'hero', 'servant', 'trickster', 'sculptor', 'horseman', 'statuette', 'caricature', 'sculpture'];['number', 'quantity', 'level', 'index', 'amount'];['example', 'personage', 'statue', 'soldier', 'portrait', 'bust', 'vase', 'hero', 'servant', 'trickster', 'sculptor', 'horseman', 'statuette', 'caricature', 'sculpture'];[];True;False
75292; This means that the government also shouldn't influence the artists' way of life in such a way as ideological restrictions. On the other hand, artists are also citizens of a [MASK] country. It is clear that they , as everyone in this country, should have some political duties like taxing and so on.;specific;concrete;exam/Exam2014/2014_VKo_35_2;0;['concrete', 'particular', 'certain', 'relevant', 'common', 'precise', 'appropriate', 'different', 'unique', 'sensitive', 'functional', 'distinct', 'definite', 'similar', 'discrete', 'peculiar', 'varying', 'complementary', 'responsive', 'definable'];['concrete', 'precise', 'distinct', 'definite', 'discrete', 'peculiar'];['relevant', 'common', 'appropriate', 'different', 'unique', 'sensitive', 'functional', 'similar', 'varying', 'complementary', 'responsive', 'definable'];['particular', 'certain'];True;False
53275; They do many wild things and risk their lives. many people have headaches because they often use their phones for listening to music, when this music is very loud, people do not stop music and [MASK] they have headaches. In future we must spend a lot of time in our phones, TV, netbooks, and we will not have many problems with health, I hope.;then;next;exam/Exam2017/OBy_100-200/2017_OBy_199_2;0;['than', 'after', 'that', 'next', 'now', 'subsequently', 'finally', 'eventually', 'promptly', 'briefly', 'quickly', 'again', 'successively', 'swiftly', 'immediately', 'soon', 'once', 'afterwards', 'thereafter', 'meanwhile'];['after', 'next', 'successively'];['than', 'that', 'now', 'promptly', 'briefly', 'quickly', 'again', 'swiftly', 'immediately', 'once', 'meanwhile'];['subsequently', 'finally', 'eventually', 'soon', 'afterwards', 'thereafter'];True;False
101634; Furthermore, the consolidation might not have a positive effect on professional development because of the lack of correlation between the gender and the profession. Secondly, it is hard to imagine how universities would compel [MASK] to choose a particular subject. We must not overestimate the genuine idea of education.;applicants;alumni;exam/Exam2014/2014_TSha_7_2;0;['alumni', 'registrants', 'students', 'graduates', 'participants', 'enrollees', 'undergraduates', 'candidates', 'respondents', 'aspirants', 'individuals', 'jurors', 'employees', 'interns', 'nationals', 'learners', 'bidders', 'beneficiaries', 'buyers', 'admissions'];['alumni', 'registrants', 'graduates', 'participants', 'enrollees', 'interns', 'learners'];['respondents', 'aspirants', 'jurors', 'employees', 'nationals', 'bidders', 'beneficiaries', 'buyers', 'admissions'];['students', 'undergraduates', 'candidates', 'individuals'];True;False
65050; In this way, I would like to say that in our modern society and world people should respect each other and their work. One [MASK] to express our feelings is to pay some amount of money as gratitude and help in future development. Buying illegal pirate copies we encourage those who are criminals , and with these actions we make our society more vicious and give an awful example to our children and descendants.;way;the;exam/Exam2017/ABl/2017_ABl_47_2;0;['form', 'path', 'king', 'road', 'source', 'measure', 'manner', 'approach', 'kind', 'thing', 'predicament', 'hope', 'going', 'somehow', 'journey', 'mistake', 'situation', 'hurry', 'quest', 'excuse'];['form', 'manner', 'approach'];['path', 'king', 'road', 'source', 'measure', 'kind', 'thing', 'predicament', 'hope', 'going', 'somehow', 'journey', 'mistake', 'situation', 'hurry', 'quest', 'excuse'];[];True;False
102660; This essay will discuss both points of view. To begin with, some [MASK] allege that family has an immensely big impact on how a child grows. All the patterns and the outlook on life are taken by a baby from his family, and he acts alike his or her parents.;people;humankinds;exam/Old_Exam2019/2019_ABu_242_2;0;['persons', 'ones', 'humans', 'men', 'individuals', 'users', 'workers', 'citizens', 'adults', 'personalities', 'youths', 'residents', 'peoples', 'inhabitants', 'foreigners', 'villagers', 'schoolchildren', 'natives', 'civilians', 'families'];['persons', 'ones', 'humans', 'individuals', 'peoples'];['men', 'users', 'workers', 'citizens', 'adults', 'personalities', 'youths', 'residents', 'inhabitants', 'foreigners', 'villagers', 'schoolchildren', 'natives', 'civilians', 'families'];[];True;False
99534; But in Sweden the constant growth is predicted to continue , and at the end of the observation period there are going to be more people aged 65 and over than in the USA. However, Japan has its own changes in the proportion of population aged 65 and over. In Japan this index was approximately 5% in 1940, then it [MASK] down. But it began to grow in 2000s and is expected to continue till the end of the period.;fell;felt;exam/Exam2014/2014_TSha_5_1;0;['felt', 'slumped', 'jumped', 'slipped', 'fall', 'dropped', 'plunged', 'broke', 'surged', 'came', 'slid', 'drove', 'leapt', 'collapsed', 'leaped', 'stumbled', 'went', 'tumbled', 'succumbed', 'overtook'];['felt', 'jumped', 'slipped', 'dropped', 'broke', 'surged', 'came', 'slid', 'leapt', 'collapsed', 'leaped', 'stumbled'];['fall', 'drove', 'succumbed', 'overtook'];['slumped', 'plunged', 'went', 'tumbled'];True;False
71531; On the other hand, things which happen outside play a huge role in the child's future life. For instance, all children study at school where they [MASK] knowledge in different spheres of life , and after that they learn how to use it in real life. Moreover, they communicate with their peers and try to solve some issues with them alone, making some immensely prominent mistakes Delete which they learn.;gain;take;exam/Old_Exam2019/2019_ABu_243_2;0;['get', 'take', 'gaining', 'garner', 'obtain', 'regain', 'achieve', 'attain', 'earn', 'secure', 'lose', 'retain', 'attract', 'exert', 'receive', 'seek', 'wrest', 'leverage', 'boost', 'amass'];['get', 'take', 'achieve', 'attain', 'earn', 'secure', 'receive'];['gaining', 'regain', 'lose', 'retain', 'attract', 'exert', 'seek', 'wrest', 'leverage', 'boost'];['garner', 'obtain', 'amass'];True;False
158203; Secondly, in Australia the services sector is represented by female workers accounting for 88%, which is the highest figure in both tables. However, in the industrial sector male employees are predominant and [MASK] 32%. In the agriculture sector men and women account for 3% and 1%.;constitute;take;exam/Old_Exam2019/2019_ABu_210_1;0;['take', 'illustrate', 'comprise', 'belong', 'contain', 'consist', 'encompass', 'possess', 'entail', 'involve', 'require', 'correspond', 'pertain', 'imply', 'contribute', 'represent', 'specify', 'occupy', 'incur', 'generate'];['take', 'contain', 'encompass', 'possess', 'involve', 'imply', 'represent', 'occupy'];['illustrate', 'belong', 'consist', 'entail', 'require', 'correspond', 'pertain', 'contribute', 'specify', 'incur', 'generate'];['comprise'];True;False
82145; It is caused by illegal pirate copies. People who [MASK] music or films from the Internet, from pirates resources should be punished, instead a human who bougth the original version of entertainment. Is that right?;steal;theft;exam/Exam2017/DPe/2017_DPe_32_2;0;['bring', 'retrieve', 'rob', 'grab', 'destroy', 'smuggle', 'save', 'kill', 'collect', 'distract', 'hide', 'recover', 'seize', 'buy', 'locate', 'reclaim', 'get', 'uncover', 'thwart', 'apprehend'];['bring', 'rob', 'grab', 'smuggle', 'collect', 'recover', 'seize', 'reclaim'];['destroy', 'save', 'kill', 'distract', 'hide', 'buy', 'locate', 'uncover', 'thwart', 'apprehend'];['retrieve', 'get'];True;False
163852; The biggest difference was shown in 2000 in South Asia where the number of girls without access to primary education was doubled compared to boys. Generally, African countries occupy the leading position by the [MASK] of boys and girls who were not able to get education. The most dramatic change was in South Asia where the number of children without access to primary education was reduced in three times.;number;quantity;exam/Exam2016/2016_ZEv_30_1;0;['amount', 'quantity', 'level', 'part', 'value', 'member', 'count', 'rate', 'proportion', 'mark', 'category', 'portion', 'quality', 'mount', 'population', 'multitude', 'handful', 'variety', 'multiplicity', 'myriad'];['amount', 'quantity', 'part', 'count', 'rate', 'portion', 'multiplicity'];['level', 'value', 'member', 'mark', 'category', 'quality', 'mount', 'population', 'handful', 'variety', 'myriad'];['proportion', 'multitude'];True;False
160556; Firstly, this solution limits levels of discrimination. It can [MASK] the number of sexist stereotypes that chemistry or political economy are preferred mostly by male students. Secondly, this decision can help more students of both sexes to broad their minds and find interest in those subjects they didn't expect to be interesting ones.;decrease;increase;exam/Exam2014/2014_EEm_35_2;0;['increase', 'fall', 'reduce', 'decline', 'falling', 'reduction', 'diminish', 'lessen', 'excess', 'lessening', 'minimize', 'lowering', 'induce', 'variability', 'disruption', 'maximize', 'affect', 'depletion', 'incidence', 'inhibit'];['decline', 'affect'];['increase', 'fall', 'falling', 'reduction', 'excess', 'lessening', 'lowering', 'induce', 'variability', 'disruption', 'maximize', 'depletion', 'incidence', 'inhibit'];['reduce', 'diminish', 'lessen', 'minimize'];True;False
154863; In today's world this law is unlikely to be followed, and it is rather upsetting. Taking everything into consideration, it can be concluded that the best way to address this issue of pirate copies is to find the middle ground between punishments and common wishes to [MASK] music and films.;enjoy;love;exam/Exam2017/DPe/2017_DPe_21_2;0;['love', 'appreciate', 'admire', 'entertain', 'deserve', 'aspire', 'indulge', 'expect', 'contemplate', 'feel', 'want', 'cherish', 'socialize', 'crave', 'prefer', 'relish', 'get', 'partake', 'relax', 'afford'];['love', 'admire', 'contemplate', 'cherish', 'relish', 'get'];['entertain', 'deserve', 'aspire', 'indulge', 'expect', 'feel', 'want', 'socialize', 'crave', 'prefer', 'partake', 'relax', 'afford'];['appreciate'];True;False
45811; To sum it all up, I still follow the idea of putting the citizens of the country on the first place by its government. Without any doubt, it is important to support other countries during an unstable period , however, governments need to nurture their own [MASK] in wealth and appropriate conditions. Otherwise, great uprisings might appear in the country because people are not pleased with what they get from the government.;citizens;people;exam/Old_Exam2019/2019_ABu_48_2;0;['natives', 'consumers', 'residents', 'nationals', 'foreigners', 'persons', 'diplomats', 'taxpayers', 'refugees', 'immigrants', 'migrants', 'youths', 'inhabitants', 'individuals', 'schoolchildren', 'civilians', 'students', 'soldiers', 'patriots', 'believers'];['natives', 'residents', 'nationals', 'persons', 'inhabitants', 'individuals', 'civilians'];['consumers', 'foreigners', 'diplomats', 'taxpayers', 'refugees', 'immigrants', 'migrants', 'youths', 'schoolchildren', 'students', 'soldiers', 'patriots', 'believers'];[];True;False
148945; Overall, it can be seen that average temperatures in Russia tend to increase and fall dramatically over the year, while in Brazil they are almost consistent . To provide more detail, in Yakutsk the lowest records are [MASK] in winter and dip to -40°C. The graph reaches a peak in July (just over 20°C) and then decreases sharply. In Rio de Janeiro, by contrast, the average maximum temperatures are in winter (30°C).;registered;noticeable;exam/Exam2017/ESa_1-69/2017_ESa_28_1;0;['considered', 'chartered', 'certified', 'recognised', 'listed', 'designated', 'domiciled', 'enrolled', 'accredited', 'allocated', 'approved', 'logged', 'counted', 'established', 'audited', 'verified', 'identified', 'affiliated', 'classified', 'classed'];['recognised', 'listed', 'allocated', 'established', 'verified', 'identified'];['considered', 'chartered', 'certified', 'designated', 'domiciled', 'enrolled', 'accredited', 'approved', 'logged', 'counted', 'audited', 'affiliated', 'classified', 'classed'];[];True;False
152775; Laws and provided punishments should be used by officials against producers of pirate files. in spite of financial losses of official producers of media content, the government can [MASK] restrictions only on products of pirate information and not on users. In addition, the government may be able to find punishments and methods of pirate's identification in the future.;impose;do;exam/Exam2017/ABl/2017_ABl_44_2;0;['put', 'make', 'enforce', 'apply', 'enact', 'abolish', 'exert', 'implement', 'uphold', 'restrict', 'incur', 'declare', 'levy', 'adhere', 'establish', 'justify', 'legislate', 'oppose', 'dictate', 'rescind'];['make', 'enact', 'exert', 'declare', 'levy', 'establish', 'legislate'];['abolish', 'uphold', 'restrict', 'incur', 'adhere', 'justify', 'oppose', 'dictate', 'rescind'];['put', 'enforce', 'apply', 'implement'];True;False
66435; That is why we import some food from other countries. But in Russia the situation is [MASK]. We import almost every product.;different;else;exam/Exam2017/OBy_100-200/2017_OBy_127_2;0;['various', 'difficult', 'distinctive', 'opposite', 'distinct', 'particular', 'varying', 'diverse', 'separate', 'disparate', 'myriad', 'certain', 'multiple', 'specific', 'similar', 'dissimilar', 'divergent', 'unique', 'complementary', 'heterogeneous'];['various', 'distinctive', 'opposite', 'distinct', 'particular', 'diverse', 'separate', 'divergent'];['difficult', 'varying', 'myriad', 'certain', 'multiple', 'similar', 'unique', 'complementary', 'heterogeneous'];['disparate', 'specific', 'dissimilar'];True;False
134088; In contrast, minimum temperatures in Brazil can drop from 25 degrees in January to approximately 15 degrees in July and then rise to about 20 degrees in December. Speaking about Yakutsk, Russia, it can be noticed from the second graph that maximum temperatures show a steady upward trend increasing from [MASK] minus 40 degrees in January to approximately plus 30 degrees in July, with a following dramatic decrease to about minus 40 degrees in December. Similarly, minimum temperatures rise from minus 40 degrees in January to plus 10 in July, demonstrating a five-time increase, and then fall back to minus 40 degrees in December.;nearly;namely;exam/Exam2017/EGe_200-272/2017_EGe_218_1;0;['around', 'namely', 'almost', 'virtually', 'roughly', 'practically', 'upwards', 'barely', 'more', 'least', 'exactly', 'less', 'essentially', 'just', 'completely', 'totally', 'mostly', 'many', 'basically', 'seemingly'];['namely', 'virtually', 'practically', 'just'];['upwards', 'barely', 'more', 'least', 'exactly', 'less', 'essentially', 'completely', 'totally', 'mostly', 'many', 'basically', 'seemingly'];['around', 'almost', 'roughly'];True;False
77717; Let us consider it. Let us start with the point of view that governments should ignore this situation and the [MASK] of flights should remain steady. There are a lot of advantages.;number;amount;exam/Exam2016/2016_MTsy_8_2;0;['amount', 'quantity', 'level', 'part', 'value', 'member', 'count', 'rate', 'proportion', 'mark', 'category', 'portion', 'quality', 'mount', 'population', 'multitude', 'handful', 'variety', 'multiplicity', 'myriad'];['amount', 'quantity', 'level', 'count', 'rate', 'proportion', 'multitude', 'multiplicity'];['part', 'value', 'member', 'mark', 'category', 'portion', 'quality', 'mount', 'population', 'handful', 'variety', 'myriad'];[];True;False
120146; People say that increasing the number of sports facilities would have little effect on public health and that other measures are required. They say that sport is not so important and it can't affect the public health, but this is not [MASK]. For hundreds of years people do sports.;true;truth;exam/Exam2014/2014_KKo_8_2;0;['truth', 'accurate', 'genuine', 'false', 'greatness', 'truly', 'truthful', 'identity', 'essence', 'ultimate', 'believable', 'pure', 'real', 'love', 'uniqueness', 'innocence', 'knowing', 'plausible', 'paradoxical', 'sincerity'];['truth', 'accurate', 'genuine', 'truly', 'truthful', 'real'];['false', 'greatness', 'identity', 'essence', 'ultimate', 'believable', 'pure', 'love', 'uniqueness', 'innocence', 'knowing', 'plausible', 'paradoxical', 'sincerity'];[];True;False
104386;Nowadays there is one of the most popular and serious topics - global warming and chemical pollution of our planet. Every year the [MASK] of such problems is being increased. That's because the governments suggest various solutions, for example, to minimize the number of business and leisure air travels.;number;amount;exam/Exam2016/2016_ZEv_28_2;0;['amount', 'quantity', 'level', 'part', 'value', 'member', 'count', 'rate', 'proportion', 'mark', 'category', 'portion', 'quality', 'mount', 'population', 'multitude', 'handful', 'variety', 'multiplicity', 'myriad'];['amount', 'quantity', 'count', 'portion', 'multitude', 'multiplicity'];['level', 'part', 'value', 'member', 'rate', 'proportion', 'mark', 'category', 'quality', 'mount', 'population', 'handful', 'variety', 'myriad'];[];True;False
82379; The differences between two columns are 0,7%. The last two [MASK] show us the case of South Asia. Two columns are completely equal.;columns;graphs;exam/Exam2017/ABl/2017_ABl_37_1;0;['graphs', 'arches', 'pillars', 'piers', 'spandrels', 'friezes', 'balconies', 'buttresses', 'porches', 'pinnacles', 'parapets', 'capitals', 'rows', 'windows', 'beams', 'stairways', 'doorways', 'facades', 'alcoves', 'skylights'];['graphs'];['arches', 'pillars', 'piers', 'spandrels', 'friezes', 'balconies', 'buttresses', 'porches', 'pinnacles', 'parapets', 'capitals', 'rows', 'windows', 'beams', 'stairways', 'doorways', 'facades', 'alcoves', 'skylights'];[];True;False
153675; So, the national population usually becomes poor and unemployed. In conclusion, I want to add that this burning question is very hard and has to be researched more, but in this case there are more disadvantages because people and businesses of a country should be more competitive and developed, but MNCs [MASK] this opportunity away.;take;move;exam/Exam2020/Task_2_Essays_919_1896/2020_MLa_1155_2;0;['make', 'drink', 'get', 'move', 'share', 'go', 'taking', 'give', 'relinquish', 'hold', 'bring', 'assume', 'send', 'accept', 'leave', 'entrust', 'undertake', 'carry', 'keep', 'deliver'];['get', 'move', 'hold', 'bring', 'send', 'carry'];['make', 'drink', 'share', 'go', 'taking', 'give', 'relinquish', 'assume', 'accept', 'leave', 'entrust', 'undertake', 'deliver'];['keep'];True;False
138436;7 minutes). Just in one case women's group of age had more time [MASK] sport than men, it is the 55-64 age group and the difference is bigger by 2.7 minutes than men in its group had.;doing;of goind;exam/Exam2020/Task_2_Essays_919_1896/2020_MLa_1397_1;0;['making', 'for', 'getting', 'pursuing', 'accomplishing', 'happening', 'performing', 'going', 'enjoying', 'seeing', 'undertaking', 'indulging', 'engaging', 'watching', 'trying', 'hurting', 'talking', 'practicing', 'fooling', 'putting'];['making', 'getting', 'pursuing', 'performing', 'going', 'undertaking'];['for', 'accomplishing', 'happening', 'seeing', 'indulging', 'engaging', 'watching', 'trying', 'hurting', 'talking', 'fooling', 'putting'];['enjoying', 'practicing'];True;False
73447; The decreasing unemployment in Latin America is a good example for developing countries. To conclude, according to this chart, the problem of unemployment all over the world is not really [MASK] because the main trend is positive.;acute;sharp;exam/Exam2017/NMya_1-108/2017_NMya_77_1;0;['sharp', 'chronic', 'symptomatic', 'febrile', 'respiratory', 'eosinophilic', 'pulmonary', 'renal', 'myeloid', 'neonatal', 'ocular', 'rheumatic', 'incurable', 'palliative', 'neurological', 'myocardial', 'urinary', 'pleural', 'recurrent', 'diabetic'];['sharp', 'incurable'];['chronic', 'symptomatic', 'febrile', 'respiratory', 'eosinophilic', 'pulmonary', 'renal', 'myeloid', 'neonatal', 'ocular', 'rheumatic', 'palliative', 'neurological', 'myocardial', 'urinary', 'pleural', 'recurrent', 'diabetic'];[];True;False
160682; Low discipline in schools tends to result in poor behaviour. The pupils who are not controlled properly might imagine that they are allowed to do inappropriate things(such as bullying other classmates) and never set punished for them That is why it is my strong opinion that behaviour problems should be solved first of all by [MASK] discipline. Another reason for the problem is misunderstanding in many families which can lead to disastrous consequences.;improving;repairing;exam/Old_Exam2014/2014_ZEv_5_2;0;['repairing', 'enhancing', 'reducing', 'strengthening', 'boosting', 'maintaining', 'optimizing', 'increasing', 'bettering', 'alleviating', 'furthering', 'modernizing', 'fostering', 'facilitating', 'ensuring', 'expanding', 'maximizing', 'developing', 'lowering', 'promoting'];['repairing', 'enhancing', 'strengthening', 'boosting', 'optimizing', 'increasing', 'bettering', 'facilitating', 'expanding', 'maximizing'];['reducing', 'alleviating', 'modernizing', 'lowering'];['maintaining', 'furthering', 'fostering', 'ensuring', 'developing', 'promoting'];True;False
42611;Nowadays many people talk about food production. Some people think that it's better to only produce a country's own [MASK] and make import account for the least part of food in the country. Let's consider some pros and cons of it.;food;meal;exam/Exam2017/ESa_1-69/2017_ESa_31_2;0;['meal', 'goal', 'seafood', 'meat', 'nutrition', 'beverage', 'bread', 'vegetable', 'gourmet', 'poultry', 'snack', 'drink', 'milk', 'rice', 'coffee', 'eating', 'cooking', 'vegetarian', 'sustenance', 'cereal'];['meal', 'nutrition', 'eating', 'sustenance'];['goal', 'seafood', 'meat', 'beverage', 'bread', 'vegetable', 'gourmet', 'poultry', 'snack', 'drink', 'milk', 'rice', 'coffee', 'cooking', 'vegetarian', 'cereal'];[];True;False
